orgID,orgName,orgType,orgLegalEntity,orgYearStarted,orgNumBenificiaries,orgNumFullTimeStaff,orgNumParttimeStaff,orgPrimaryStaffContactName,orgPrimaryStaffContactCell,orgPrimaryCommitteeContactName,orgPrimaryCommitteeContactCell,orgLandline,orgEmail,facDistMuni,facLocalMuni,facWard,orgPostalAddress1,orgPostalAddress2,orgPostalCode,orgWebsite,orgFax,orgPhysicalAddress1,orgPhysicalAddress2,orgCityVillage,facTradAuth,facLocationDescription,facOperatingDays,facStartTime,facCloseTime,facHasSchoolHols,facNearestPSchool,facNearestClinic,facNearestLandMark,orgManagementCommitteeExists,orgConstitutionExists,orgNumberMembersManCom,orgManComMinutesKept,orgManComMeetingsinLastYear,orgManComTraining,orgNPOReg,orgNPONum,orgNPORegDate,orgBankAccount,orgBankAccountHolder,orgPBORegistered,orgAFS,orgDSDNarrativeSubmitted,orgAFSPreparedonTime,servType,servProgRegStats,servProgRegNR,servProgRegType,servProgRegDec,servProgRegExpiry,servDoERegStatus,servFeesCharged,servMaxFees,servAnnualIncome,servDSDSLA,servDSDSLASigDate,servDSDSLAExpiryDate,servDSDPerChildSubsidy,servDSDPerChildSubsidyNum,servDSDProgFunding,servDOEGradeRSalary,servDOEGradeRLearnerSub,servDOEGradeRLearnerSubNum,servDOELearnerships,servDOELearnershipsNum,servTopDonor1,servTopDonorAmt1,servTopDonor2,servTopDonorAmt2,servTopDonor3,servTopDonorAmt3,facPCRStatus,facPCRApplType,facPCRCategory,facPCRConditionInf,facPCRConditionEquip,facPCRConditionH+S,facPCRConditionStaff,facPCRIssueDate,facPCRExpiryDate,facPCRRegNum,facPCRPermittedChildren,facEHPInspectionDate,facEHRefNumber,facEHInternalArea,facPCREHRecommendation,facEHPermittedChildren,facType,facStructureType,facLandOwner,facOccupancy,facLandAllocated,facLandAllocatedTo,facGPSCoords,facPropertySize,facSlope,facBuildingSize,facRoadAccess,facChildSeparatedbyAge,facAftercareSeparated,facRoomsNum,facRoom1Size,facRoom2Size,facRoom3Size,facRoom4Size,facRoom5Size,facRoofType,facRoofLeaks,facRoofAttached,facCementFoundation,facWallQuality,facFloorType,facExternalDoorsNum,facDoorQuality,facExternalWindowsOpen,facWindowQual,facKitchenSeparate,facKitchenSize,facFridge,facCleaningMaterials,facCookingEquip,facKitchenHotWater,facKitchenAccess,facSickBaySeparate,facSickbayOfficeShared,facOfficeSpace,facOfficeSeparate,facOfficeSize,facElectricity,facVisibility,facLightSource,facCookingFuelSource,facWaterSupply,facWaterTreatment,facSanitationType,facToiletsAdultNum,facToiletsChildNum,facPottiesNum,facToiletSeatsChildSafe,facToiletsClean,facToiletsStableFloors,facToiletsCovered,facHandWashType,facHandWashNum,facSoapandTowels,facHandWashReachable,facNappyChangingAwayFromFood,facNappyChangingCleanable,facOutdoorPlaySize,facJungleGym,facSwings,facSandpit,facSlide,facOutdoorEquipOther,facOutdoorEquipRottenWood,facOutdoorEquipUnstable,facOutdoorEquipSharpObjects,facOutdoorEquipUnsafeSeats,facOutdoorEquipTooHighNoRails,facOutdoorEquipFrayedRopes,facSitePerimeterEnclosed,facGate,facHazardsWater,facHazardsHoles,facHazardsRoads,facHazardsRailway,facHazardsOpenFlame,facHazardsElectrical,facHazardsRefusePit,facHazardsParrafinGas,facClinicContact,facFireExtinguisherNum,facMedicineandCleaningoutofReach,facElectricsSafe,facPlugSocketsCovered,facRubbishBinsAvailable,facRefuseDisposal,facMunicipalRefuseCollection,facMunicipalRefuseCollection,facSandpitCovered,facSandpitSalted,facVerminorAnimals,facOutsideAreaRubbishFree,facFirstAidKit,facFirstAidKitStocked,facInsideClean,facTidyPremises,facFoodGarden,facPurchasesVegetables,facToysandResourcesStoredSafely,facWheelchairRamp,facMattressesAvailable,facMattressesSufficient,facMattressesGoodCondition,facChairsAvailable,facChairsSufficient,facChairsGoodCondition,facTablesAvailable,facTablesSufficient,facTablesGoodCondition,facStorageAvailable,facStorageSufficient,facStorageGoodCondition,facFloorCoveringAvailable,facFloorCoveringSufficient,facFloorCoveringGoodCondition,facCookingUtensilsAvailable,facCookingUtensilsSufficient,facCookingUtensilsGoodCondition,facOfficeEquipmentAvailable,facOfficeEquipmentSufficient,facOfficeEquipmentGoodCondition,facChildrensBooksAvailable,facChildrensBooksSufficient,facChildrensBooksGoodCondition,facConstructionToysAvailable,facConstructionToysSufficient,facConstructionToysGoodCondition,facPuzzlesAvailable,facPuzzlesSufficient,facPuzzlesGoodCondition,facArtMaterialsAvailable,facArtMaterialsSufficient,facArtMaterialsGoodCondition,facPostersChartsAvailable,facPostersChartsSufficient,facPostersChartsGoodCondition,facOutdoorToysAvailable,facOutdoorToysSufficient,facOutdoorToysGoodCondition,facFantasyPlayAvailable,facFantasyPlaySufficient,facFantasyPlayGoodCondition,servMealsProvided,servWeeklyMenu,servBreakfastProvider,servMSnackProvider,servLunchProvider,servPMSnackProvider,servFruitProvided,servDailyProgAvail,servDailyProgFollow,servChildDivided,servChartsUsed,servThemesUsed,servStaffRegister,servChildrensFiles,servIncidentAbuseRegister,servMedicineRegister,servAttendanceRegister,servVisitorsRegister,servEnrollBirthCerts,servEnrollContactDetails,servEnrollDateofAdmission,servEnrollDischargeDate,servEnrollMedicalHistory,servEnrollSpecialNeedsAllergies,servEnrollImmunisationRecords,servDisciplinePolicy,servTransportPolicy,servDisabilityPolicy,servHealthIdentifyIllness,servHealthDealwithIllness,servHealthMedicine,servHealthInfectiousDiseases,servHealthHygieneStandards,servHealthStaffHealth,servGeoType,servDateofProfileCompletion,servPersonRespForProfile,servNoOfChildrenOnInspectionDate,servLifeSkills,servAfterCare,servHealthmonitoring/support,servHomeVisits,servHomeworkHelp,servParentingSkills,servSportsRecreation,servCounselling
1,Slindumusa Creche,ECD,Non-Profit Org,1994,28,2,0,Samke Khomo,0781552525,Buzani Komo,0835025288,,,Ugu,Mzumbe,12,P.O. Box 1054,Hibberdene,4220,,,Tophet Area,,Hibberdene,Mbhele,,Monday;Tuesday;Wednesday;Thursday;Friday,08:00,13:00,Yes,Thulubheke Primary School,Ndelu,Jabulani Store,Yes,Yes,7,Yes,,No,Registered,070-400,,Yes,Slimundumusa Creche ,Yes,Yes,Yes,Yes,Centre-based ECD Programe,Not Applied,N/A,ECD,,N/A,Not Applied ,No,0,0,Yes,,,Yes,50,Yes,No,No,No,No,No,No,,,,,,Registered,,Full,N/A,N/A,N/A,N/A,29-Aug-12,31-Dec-13,,50,,10/1/8/1-2101,62.9,,,,Conventional-brick or block,NOP(this organisation),PTO,N/A,N/A,,,Flat,100,,Yes,Yes,1,63,,,,,Tiles,No,,Yes,,Concrete Slab,2,Yes,,No,Yes,18,No,Yes,Yes,No,Yes,No,No,No,No,,No,Yes,Gas,Gas,River,Yes,On site informal pit latrine,2,2,0,Yes,Yes,Yes,,Bowl or bucket of water,1,No,Yes,Yes,No,,No,No,No,No,No,No,No,No,No,No,No,Nothing,No,No,No,No,No,No,No,No,No,Yes,2,No,N/A,N/A,Yes,Open pit on site,N/A,1xper week,N/A,N/A,Yes,Yes,No,No,Yes,Yes,No,Yes,Yes,No,Yes,No,No,Yes,Yes,Yes,Yes,Yes,Yes,No,No,No,Yes,No,No,Yes,Yes,Yes,No,No,No,No,No,No,Yes,Yes,Yes,Yes,Yes,Yes,Yes,Yes,Yes,Yes,Yes,Yes,No,No,No,No,No,No,Yes,Yes,Service Provider,Service Provider,Service Provider,None Provided,,Yes,,,,,No,No,No,No,Yes,No,Yes,Yes,Yes,No,No,No,No,No,No,No,No,No,No,No,No,No,,,,,,,,,,,,
2,Zakheleni Creche,ECD,Non-Profit Org,1983,79,5,3,T.N Mvundla,0729396831, Jabu Decosta,0785701571,,,Ugu,Hibiscus,27,P.O. Box 16020,Gamalakhe,4249,,,KwaXaba-Depo,,Gamalakhe,KwaMavundla,,Monday;Tuesday;Wednesday;Thursday;Friday,06:30,15:30,Yes,Gamalakhe J.P,Gamalakhe Clinic,Xaba Store,Yes,Yes,4,Yes,12,Yes,Registered,070-503,,Yes,,No,Yes,Yes,Yes,,Registered,,ECD,,,,Yes,100,237000,Yes,Mar-14,,Yes,,,Yes,Yes,,No,,,,,,,,,,,,,,,,,,,,,,,,,Conventional-brick or block,NPO(this organisation),PTO,Yes,NPO(this Organisation),,,,,,Yes,,2,,,,,,Asbestos,No,Yes,Yes,No,Concrete Slab,1,Yes,9,No,Yes,,Yes,Yes,Yes,Yes,Yes,No,No,Yes,No,,Yes,,Electricity,Electricity,Municipal -Site Connection,Yes,On site septic tank,2,2,0,Yes,Yes,Yes,Yes,Tap,2,Yes,Yes,Yes,Yes,,Yes,Yes,Yes,Yes,,,,,,,,Fence,Yes,No,No,No,No,No,No,No,No,Yes,1,Yes,No,Yes,Yes,Centre takes to dump,1xper week,1xper week,No,Yes,No,Yes,Yes,Yes,Yes,Yes,Yes,Yes,Yes,No,Yes,Yes,Yes,Yes,Yes,Yes,Yes,Yes,Yes,Yes,Yes,Yes,Yes,Yes,Yes,Yes,Yes,Yes,No,No,No,Yes,Yes,Yes,Yes,Yes,Yes,Yes,Yes,Yes,Yes,Yes,Yes,Yes,Yes,Yes,Yes,Yes,No,Yes,No,,Yes,Yes,Service Provider,Parent/Caregiver,Service Provider,None Provided,,Yes,,,,,Yes,Yes,Yes,Yes,Yes,Yes,Yes,Yes,Yes,Yes,No,No,Yes,No,No,No,,,,,,,Peri-urban,,,,No,No,No,No,No,No,No,No
3,Zibambeleni EduCare,ECD,Non-Profit Org,2003,52,3,0,N.O Shusha,,N.S Chiliza,,,,Ugu,Hibiscus,28,P.O. Box 204,Gamalakhe,4249,,,Lot 481-Rev Stole,,Gamalakhe,KwaMavundla,,Monday;Tuesday;Wednesday;Thursday;Friday,07:00,15:00,Yes,Gamalakhe J.P,Gamalakhe Clinic,Methodist,Yes,Yes,,,2,Yes,Registered,093-472,,Yes,,Yes,Yes,Yes,Yes,,,,ECD,,,,Yes,150,86252,Yes,,,Yes,,Yes,No,No,,Yes,1,DSD ,86252,,,,,,,,,,,,,,,,,,,,,,Conventional-brick or block,NPO(this organisation),Tittle Deeds,No,NPO(this Organisation),,,Flat,,Yes,Yes,,2,,,,,,Corrugated Metal Sheets,No,Yes,Yes,No,Concrete Slab,3,Yes,,No,Yes,,Yes,Yes,Yes,,,Yes,,Yes,,,Yes,,Gas,Gas,Municipal -Site Connection,Yes,On site septic tank,4,4,4,Yes,Yes,Yes,No,Tap,5,Yes,,No,No,,Yes,Yes,Yes,Yes,,,,,,,,Fence,Yes,No,Yes,No,No,No,No,No,No,Yes,1,Yes,Yes,Yes,No,Municipal Collection,1xper week,,No,N/A,No,,Yes,No,,,Yes,Yes,,No,Yes,Yes,Yes,Yes,Yes,Yes,Yes,Yes,Yes,Yes,Yes,Yes,Yes,Yes,Yes,Yes,Yes,Yes,Yes,Yes,Yes,Yes,Yes,Yes,Yes,Yes,Yes,Yes,Yes,Yes,Yes,Yes,Yes,Yes,Yes,Yes,Yes,Yes,Yes,Yes,Yes,Yes,Yes,Yes,Service Provider,Service Provider,Service Provider,None Provided,,Yes,,,,,Yes,Yes,Yes,No,Yes,Yes,Yes,Yes,Yes,No,No,No,Yes,Yes,No,No,,,,,,,Peri-urban,06/02/2016,,47,Yes,No,No,No,No,No,No,No
4,SuperKids,ECD,Non-Profit Org,2005,50,4,0,Sindisiwe Duma,0789992584,MR Jali,0824758742,,,Ugu,Hibiscus,26,P.O. Box 20583,Gamalakhe,4049,,,Nkonyeni Road,,Gamalakhe,KwaMavundla,,Monday;Tuesday;Wednesday;Thursday;Friday,06:45,15:00,Yes,Sthembinkosi J.P,Gamalakhe Clinic,Boxer,Yes,Yes,7,Yes,5,Yes,Registered,066-558,,Yes,,No,Yes,Yes,Yes,,,,,,,,Yes,150,,Yes,,,Yes,,Yes,No,No,,No,,DSD ,,Boxer,2000,,,,,,,,,,,,,,,,,,,,Conventional-brick or block,NPO(this organisation),Lease Agreement,,NPO(this Organisation),,,Gently Sloped,,Yes,Yes,,1,,,,,,Corrugated Metal Sheets,Yes,Yes,Yes,No,Vinyl Sheets/tiles,1,Yes,4,No,Yes,,Yes,Yes,Yes,No,Yes,No,No,No,Yes,,Yes,,Electricity,Gas,Municipal -Site Connection,Yes,Municipal Water Borne sewage,2,2,2,No,Yes,Yes,Yes,Tippy Tap,2,No,No,Yes,No,,Yes,No,Yes,No,,No,No,No,No,No,No,Fence,Yes,No,No,No,No,No,No,No,No,Yes,0,,Yes,,Yes,Municipal Collection,1xper week,,,,Yes,Yes,Yes,Yes,Yes,Yes,Yes,Yes,,No,Yes,No,Yes,Yes,Yes,Yes,Yes,No,Yes,No,No,No,Yes,Yes,Yes,Yes,Yes,Yes,No,No,No,Yes,Yes,Yes,Yes,No,No,Yes,No,Yes,Yes,Yes,Yes,Yes,Yes,Yes,Yes,Yes,Yes,No,No,No,Yes,Yes,Service Provider,Parent/Caregiver,Service Provider,None Provided,,Yes,,,,,Yes,Yes,Yes,No,Yes,Yes,Yes,Yes,Yes,No,No,No,Yes,,,,,,,,,,Peri-urban,,,,No,No,No,No,No,No,No,No
5,Ekuphumuleni Creche,ECD,Non-Profit Org,1985,52,2,0,Gladeness Maphumulo,0787968838,May Shabalala,,,,Ugu,Hibiscus,26,P.O. Box 18034,Gamalakhe,4249,,,Qinabout Location,,Gamalakhe,KwaMavundla,,Monday;Tuesday;Wednesday;Thursday;Friday,06:00,18:00,No,Ohlangeni Primary School,Gamalakhe Clinic,KwaNxumalo,Yes,Yes,6,Yes,,No,Registered,021-371,,Yes,,No,No,,,,Registered,,ECD,,31/12/2019,,Yes,100,,No,,,No,,No,No,No,,No,,Hibiscus Municipality,3000,,,,,,,,,,,,,,,,,,,,,,Conventional-brick or block,NPO(this organisation),PTO,,NPO(this Organisation),,,Gently Sloped,,Yes,,,2,,,,,,Asbestos,No,No,No,No,Concrete Slab,2,Yes,6,No,Yes,,Yes,No,Yes,No,Yes,No,No,No,No,,Yes,,Electricity,Electricity,Municipal -Community Standpipe,,On site informal pit latrine,1,2,,Yes,Yes,Yes,Yes,Tippy Tap,2,No,Yes,No,No,,Yes,Yes,No,Yes,,No,Yes,No,Yes,No,No,Nothing,No,No,No,No,No,No,No,Yes,No,Yes,0,Yes,Yes,No,Yes,Open pit on site,,2xper week,N/A,N/A,No,Yes,Yes,No,Yes,Yes,No,Yes,Yes,No,Yes,Yes,Yes,No,No,No,No,No,No,Yes,No,No,Yes,Yes,Yes,Yes,No,Yes,No,No,No,Yes,No,Yes,Yes,Yes,Yes,Yes,Yes,Yes,Yes,Yes,Yes,Yes,Yes,Yes,No,Yes,No,No,No,No,Yes,Yes,Service Provider,Parent/Caregiver,Service Provider,Parent/Caregiver,,Yes,,,,,Yes,Yes,No,No,Yes,Yes,Yes,Yes,Yes,No,No,No,Yes,No,No,No,No,No,No,No,No,No,Rural,,,,No,No,No,No,No,No,No,No
6,Vukani Creche,ECD,Non-Profit Org,2011,7,1,0,Nelisiwe Nzama,0732525285,Given Nzama,0787633871,,,Ugu,Hibiscus,28,P.O. Box 73544,Gamalakhe,4249,,,Vela Shazi Road,,Gamalakhe,KwaMavundla,,Monday;Tuesday;Wednesday;Thursday;Friday,08:00,16:30,Yes,Gamalakhe J.P,Gamalakhe Clinic,Khanyile Tuck Shop,Yes,No,,No,,No,Not Applied,,,,,No,No,No,No,,Not Applied,,,,,Not Applied; In Process; Registered,Yes,250,,No,,,No,,No,No,No,,No,,,,,,,,,,,,,,,,,,,,,,,,,Conventional-brick or block,Private,,No,,,,,,Yes,,,1,,,,,,Tiles,No,Yes,Yes,No,Carpet,2,Yes,4,No,,,Yes,No,No,No,No,No,No,No,No,,Yes,,Electricity,,Municipal -Site Connection,Yes,Municipal Water Borne sewage,1,10,0,No,,No,No,Tippy Tap,,No,No,No,No,,No,No,No,No,,,,,,,,Wall,Yes,No,No,No,No,No,Yes,No,No,,0,,Yes,,No,Municipal Collection,1xper week,,No,N/A,No,Yes,No,No,Yes,Yes,No,No,No,No,No,,,No,,,No,,,No,,,Yes,,,No,,,No,,,No,,,No,,,No,,,No,,,No,,,No,,,No,,,No,No,Parent/Caregiver,Parent/Caregiver,Parent/Caregiver,Parent/Caregiver,,No,,,,,No,No,No,No,No,No,,,,,,,,,,,,,,,,,Peri-urban,,,,No,No,No,Yes,No,No,No,No
7,Qinabout Community Creche,ECD,Non-Profit Org,2013,55,5,0,Ntombfikile Gumede,0731968879,Xolani Ntintini,0732398086,,,Ugu,Hibiscus,26,P.O. Box 74314,Gamalakhe,4249,,,Qinabout Location,,Gamalakhe,KwaMavundla,,Monday;Tuesday;Wednesday;Thursday;Friday,06:30,15:00,No,Ohlangeni Primary School,Gamalakhe Clinic,,Yes,Yes,4,Yes,,,Registered,121-178,,Yes,,Yes,Yes,Yes,Yes,,Registered,,ECD,,30/12/2018,,Yes,3000,200000,,,,Yes,55,Yes,No,,,No,,Hibiscus Municipality,3000,DSD,200000,,,,,,,,,,,,,,,,,,,,Conventional-brick or block,,Lease Agreement,,NPO(this Organisation),,,Flat,,Yes,Yes,,2,,,,,,Tiles,No,Yes,Yes,No,Concrete Slab,2,Yes,5,No,Yes,,Yes,Yes,Yes,No,Yes,No,No,Yes,Yes,,Yes,,Electricity,Gas,Municipal -Community Standpipe,,On site informal pit latrine,1,2,,Yes,Yes,Yes,Yes,Tippy Tap,2,Yes,Yes,Yes,No,,Yes,Yes,No,No,,,,,,,,Wall,Yes,No,No,No,No,No,No,No,No,Yes,1,Yes,Yes,,Yes,Open pit on site,,1xper week,N/A,N/A,Yes,Yes,Yes,Yes,Yes,Yes,Yes,Yes,Yes,No,Yes,Yes,No,Yes,Yes,Yes,Yes,Yes,Yes,Yes,No,Yes,Yes,Yes,No,Yes,Yes,Yes,No,No,No,No,No,No,Yes,Yes,No,Yes,Yes,No,Yes,Yes,Yes,Yes,Yes,No,Yes,No,No,Yes,Yes,Yes,Yes,Yes,Service Provider,Parent/Caregiver,Service Provider,Parent/Caregiver,,Yes,,,,,Yes,Yes,Yes,Yes,Yes,Yes,Yes,Yes,Yes,Yes,Yes,Yes,Yes,Yes,No,,No,No,No,No,No,No,Rural,,,,No,No,No,No,No,No,No,No
8,Thandolwenkosi,ECD,Non-Profit Org,2012,70,5,0,Ntombi Xaba,0730984036,Thami Lwaca,0738089345,,,Ugu,Hibiscus,26,P.O. Box 20240,Gamalakhe,4249,,,Islanel,,Gamalakhe,KwaMavundla,,Monday;Tuesday;Wednesday;Thursday;Friday,07:00,15:00,No,Cormmecial H.S,Gamalakhe Clinic,Vezi Tuck Shop,Under Establishment,Yes,2,Yes,1,No,Registered,123-018,,Yes,,No,No,Yes,No,,,,ECD,,30/12/2019,,Yes,200,,No,,,No,,No,No,No,,No,,Boxer,2000,,,,,,,,,,,,,,,,,,,,,,Conventional-brick or block,NPO(this organisation),Letter to Occupy,,NPO(this Organisation),,,Flat,,Yes,Yes,No,1,,,,,,Tiles,No,Yes,Yes,No,Concrete Slab,2,Yes,6,No,Yes,,Yes,Yes,Yes,No,No,Yes,,Yes,Yes,,Yes,,Electricity,Gas,Municipal -Site Connection,Yes,Municipal Water Borne sewage,2,3,,Yes,Yes,Yes,Yes,Tap,3,,Yes,Yes,Yes,,Yes,Yes,No,Yes,,,,,,,Yes,Fence,Yes,No,No,No,No,No,No,No,No,Yes,0,Yes,Yes,No,Yes,Municipal Collection,1xper week,,N/A,N/A,No,Yes,Yes,Yes,Yes,Yes,Yes,Yes,Yes,No,Yes,Yes,Yes,Yes,Yes,Yes,Yes,Yes,Yes,Yes,Yes,Yes,Yes,Yes,Yes,Yes,Yes,Yes,No,No,No,Yes,No,Yes,Yes,,Yes,Yes,,Yes,Yes,,Yes,Yes,Yes,No,Yes,Yes,No,Yes,Yes,No,Yes,,Service Provider,Parent/Caregiver,Parent/Caregiver,,,Yes,,,,,Yes,Yes,No,Yes,Yes,Yes,Yes,Yes,Yes,,Yes,,Yes,Yes,No,No,No,No,No,No,No,No,Peri-urban,06/02/2016,,45,No,No,Yes,No,No,No,No,No
9,Sizanokuhle Creche,ECD,Non-Profit Org,2010,,3,0,Dedra Ngubane,,Lindokuhle Ncako,,,,Ugu,Hibiscus,27,P.O. Box 29,Gamalakhe,4242,,,Sgodleni,,Gamalakhe,KwaMavundla,,Monday;Tuesday;Wednesday;Thursday;Friday,06:30,15:30,No,Buhlebezwe S.P,Gamalakhe Clinic,Nyakuza Store,Yes,Yes,5,,,,,,,Yes,,,Yes,Yes,Yes,,,,,,,,Yes,,,,,,,,,,,,,,,,,,,,,,,,,,,,,,,,,,,,,Conventional-brick or block,NPO(this organisation),,,NPO(this Organisation),,,Gently Sloped,,Yes,No,,1,,,,,,Tiles,No,Yes,Yes,No,Vinyl Sheets/tiles,2,Yes,5,No,Yes,,No,Yes,Yes,,,No,,Yes,,,Yes,,Electricity,Gas,Municipal -Site Connection,,On site informal pit latrine,1,2,,Yes,No,Yes,Yes,Tippy Tap,4,,No,No,,,No,Yes,No,No,No,,,,,,,Fence,Yes,No,No,No,No,No,No,No,No,Yes,1,Yes,Yes,,Yes,Open pit on site,,2xper week,N/A,N/A,No,Yes,Yes,Yes,Yes,No,Yes,Yes,No,No,Yes,No,No,Yes,Yes,Yes,Yes,No,Yes,,,,No,No,No,Yes,Yes,Yes,No,No,No,No,No,No,Yes,Yes,Yes,Yes,Yes,Yes,Yes,Yes,Yes,No,No,No,Yes,No,Yes,No,No,No,Yes,No,Service Provider,Parent/Caregiver,Service Provider,Parent/Caregiver,,Yes,,,,,Yes,Yes,Yes,No,Yes,Yes,Yes,Yes,Yes,No,No,No,No,Yes,No,No,No,No,No,No,No,No,,,,,,,,,,,,
10,Lamont Creche,ECD,Non-Profit Org,2015,10,1,0,Thobeka Hadebe,0734493901,Miss Xolo,0836683628,,,Ugu,Hibiscus,29,,,,,,,,,KwaXolo,,Monday;Tuesday;Wednesday;Thursday;Friday,06:30,16:00,Yes,Skhuthali P.S,Ludumala Clinic,Thembalethu Store,Yes,,,,,,,,,No,,No,No,,No,,,,,,,,Yes,100,,No,,,No,,No,No,No,,No,,,,,,,,,,,,,,,,,,,,,,,,,Conventional-brick or block,NPO(this organisation),,,NPO(this Organisation),,,,,Yes,,,1,,,,,,Tiles,No,Yes,Yes,No,Concrete Slab,2,Yes,5,No,No,,No,No,No,No,No,No,No,No,No,,,,,,Municipal -Community Standpipe,,,,,,,,,,,0,,Yes,No,No,,,,Yes,,,,,,,,,Fence,Yes,No,No,No,No,No,No,No,No,Yes,0,No,Yes,No,,Open pit on site,,1xper week,N/A,N/A,No,Yes,No,No,Yes,Yes,No,No,,Yes,Yes,Yes,Yes,Yes,Yes,Yes,Yes,No,Yes,No,No,No,No,No,No,No,No,No,No,No,No,No,No,No,No,No,No,No,No,No,No,No,No,Yes,No,No,No,No,No,No,No,No,,,Service Provider,Parent/Caregiver,Parent/Caregiver,Parent/Caregiver,,Yes,,,,,No,No,No,No,Yes,No,No,No,No,No,No,No,No,No,No,No,No,No,No,No,No,No,Rural,,,,No,No,No,No,No,No,No,No
11,Mgangeni Creche ,ECD,Non-Profit Org,2005,15,2,0, Welekazi Zuka,0712867083,Scelo Nxumalo,0829768699,,,Ugu,Hibiscus,29,,Mgangeni,,,,Makuntshane,,Mgangeni,KwaXolo,,Monday;Tuesday;Wednesday;Thursday;Friday,06:00,16:00,Yes,Bashise P.S,Mvutshini Clinic,,Under Establishment,,,,,,Not Applied,,,No,,No,No,No,No,,Not Applied,,,,,,Yes,100,,No,,,No,,No,No,No,,,,,,,,,,,,,,,,,,,,,,,,,,,Conventional-brick or block,NPO(this organisation),,,NPO(this Organisation),,,,,Yes,No,,1,,,,,,Tiles,No,Yes,Yes,No,Concrete Slab,1,Yes,6,Yes,Yes,,No,No,No,No,No,,Yes,,No,,Yes,,Electricity,,Municipal -Site Connection,,On site informal pit latrine,2,1,,No,Yes,Yes,Yes,Bowl or bucket of water,1,,Yes,,,,,,,,,,,,,,,Fence,Yes,No,No,No,No,No,No,No,No,Yes,0,,Yes,No,Yes,Open pit on site,,2xper week,N/A,N/A,No,Yes,No,No,Yes,Yes,No,No,No,No,No,No,No,Yes,Yes,Yes,Yes,Yes,Yes,No,Yes,No,No,No,No,Yes,No,No,No,No,No,No,No,No,No,No,No,No,No,No,No,No,No,No,No,No,No,No,No,No,No,No,Yes,No,Parent/Caregiver,Parent/Caregiver,Service Provider,Parent/Caregiver,,No,,,,,No,No,No,No,No,No,No,No,No,No,No,No,No,No,No,No,No,No,No,No,No,No,Rural,,,,No,No,No,No,No,No,No,No
12,Entokozweni Creche,ECD,Non-Profit Org,1987,108,5,0,Nokhuthala Shazi,0789770861,Gugu Gwanya,0837500519,,,Ugu,Hibiscus,27,P.O. Box 16285,Gamalakhe,4249,,,Gamalakhe Location,,Gamalakhe,KwaMavundla,,Monday;Tuesday;Wednesday;Thursday;Friday,07:00,14:00,No,Gamalakhe J.P,Gamalakhe Clinic,Bethel Tuck Shop,Yes,Yes,7,Yes,1,No,Registered,065-442,,Yes,,No,Yes,Yes,Yes,,Registered,,ECD,,30/12/2020,Registered,Yes,,200000,Yes,01/07/2009,15-Nov,Yes,108,Yes,Yes,No,,No,,DSD,,,,,,,,,,,,,,,,,,,,,,,Conventional-brick or block,NPO(this organisation),PTO,,NPO(this Organisation),,,Flat,,Yes,Yes,No,4,,,,,,Asbestos,Yes,Yes,Yes,No,Carpet,3,Yes,12,,Yes,,Yes,Yes,Yes,No,No,Yes,Yes,Yes,Yes,,Yes,Yes,Electricity,Gas,Municipal- Site Connection,Yes,Municipal Water Borne sewage,1,5,0,Yes,Yes,Yes,Yes,Bowl or bucket of water,2,Yes,Yes,Yes,Yes,,Yes,Yes,Yes,Yes,,No,No,No,Yes,No,No,Fence,Yes,No,No,No,No,No,No,No,No,Yes,1,Yes,Yes,No,Yes,Open pit on site,,2xper week,No,No,No,Yes,Yes,No,Yes,Yes,Yes,Yes,Yes,No,Yes,Yes,Yes,Yes,Yes,Yes,Yes,Yes,Yes,Yes,Yes,Yes,,,,,,,,,,,,,,,,,,,,,,,,,,,,,,,Yes,Yes,Service Provider,Parent/Caregiver,Service Provider,,,Yes,,,,,Yes,Yes,Yes,,Yes,Yes,Yes,Yes,Yes,,Yes,No,Yes,No,No,No,No,No,No,No,No,No,Peri-urban,06/02/2016,,106,No,No,No,No,No,No,No,No
13,Mhlahlandlela,ECD,Non-Profit Org,2015,28,1,0,Nomusa Khwela,0732996904,Hlengiwe Ncongo,0832431913,,,Ugu,Umzumbe,14,P.O. Box 217,Hibberdene,4220,,,Jiyankomo Area,,Hibberdene,Luthuli,,Monday;Tuesday;Wednesday;Thursday;Friday,08:00,14:00,Yes,,,,Yes,Yes,,,,,Registered,044-005,,Yes,,No,No,,,,Not Applied,,,,,,Yes,,,No,,,,,,,,,,,,,,,,,,,,,,,,,,,,,,,,,,Conventional-brick or block,NPO(this organisation),,,,,,Steep,,Yes,,,1,,,,,,Tiles,No,Yes,Yes,No,Concrete Slab,3,Yes,3,Yes,Yes,,No,No,No,No,Yes,Yes,No,Yes,Yes,,No,Yes,,,Municipal Truck Delivery,,On site informal pit latrine,2,2,0,No,Yes,Yes,No,Tippy Tap,,No,Yes,Yes,Yes,,,,,,,No,No,No,No,No,No,Nothing,No,No,No,Yes,No,No,No,Yes,No,,0,Yes,Yes,,No,Open pit on site,,1xper week,N/A,N/A,No,Yes,No,No,Yes,Yes,No,No,,No,No,,,No,,,No,,,Yes,,,No,,,No,,,No,,,No,,,No,,,No,,,No,,,Yes,,,No,,,No,,,,Yes,Service Provider,Parent/Caregiver,Service Provider,Parent/Caregiver,,Yes,,,,,No,No,No,No,Yes,No,No,No,No,No,No,,Yes,No,No,No,,,,,,,,,,,,,,,,,,
14,Mankuntshane Creche,ECD,Non-Profit Org,1997,30,2,0,Mrs Xolo,0721342210,Beauty Nhlumayo ,0629284961,,,Ugu,Hibiscus,29,,Mankuntshane,,,,Mankuntshane,,Mvutsini ,KwaXolo,,Monday;Tuesday;Wednesday;Thursday;Friday,07:00,15:00,Yes,Bashise P.S,Mvutshini Clinic,Qedusiszi Tuck Shop,Yes,Yes,3,,,,Registered,034-472,,Yes,Mankuntshane Creche ,Yes,Yes,Yes,No,Centre-based ECD Programe,Registered,Full,ECD,,31/12/2019,,Yes,100,,No,,,No,,No,No,No,N/A,No,N/A,DSD,,,,,,Registered,,Full,N/A,N/A,N/A,N/A,13-Oct-13,30-Dec-18,,38,,10/1/8/1-2188,,,38,,Conventional-brick or block,NPO(this organisation),,,NPO(this Organisation),,,Flat,,Yes,,,1,35,,,,,Tiles,No,Yes,Yes,No,Vinyl Sheets/tiles,1,Yes,3,No,Yes,,No,Yes,No,No,No,No,No,No,No,,Yes,Yes,Electricity,N/A,Municipal Site Connection,N/A,On site informal pit latrine,2,0,,Yes,Yes,Yes,Yes,Bowl or bucket of water,1,No,Yes,N/A,No,,,,,,,,,,,,,Fence,Yes,No,No,No,No,No,No,No,No,Yes,0,No,Yes,Yes,Yes,Open pit on site,N/A,2xper week,N/A,N/A,No,Yes,Yes,Yes,Yes,Yes,No,N/A,Yes,No,Yes,No,No,Yes,Yes,Yes,Yes,Yes,Yes,Yes,Yes,Yes,No,No,No,Yes,Yes,No,No,No,No,No,No,No,No,No,No,Yes,No,No,No,No,No,Yes,Yes,Yes,No,No,No,No,No,No,No,No,Parent/Caregiver,Parent/Caregiver,Parent/Caregiver,Parent/Caregiver,,No,,,,,Yes,Yes,No,No,Yes,No,No,No,No,No,No,No,Yes,No,No,No,No,No,No,No,No,No,Rural,,,,No,No,No,No,No,No,No,No
15,Zamokuhle Creche,ECD,Non-Profit Org,1998,49,3,0,Busisiwe Ndlovu,0710714744,Biyase Fulathela,0604552035,,,Ugu,Umzumbe,12,P.O. Box 79,Hibberdene,4220,,,Foksin Area,,Hibberdene,Shinga,,Monday;Tuesday;Wednesday;Thursday;Friday,07:30,15:00,Yes,Hlaba P.S,Ndelu,Methodist Church,Yes,Yes,7,Yes,,Yes,In Process(submitted),422-220,,Yes,,No,Yes,,,Centre-based ECD Programe,Not Applied,,ECD,,,Not Applied; In Process; Registered,Yes,20,,Yes,,,Yes,,No,No,No,No,No,N/A,N/A,N/A,N/A,N/A,N/A,N/A,Registered,,Full,N/A,N/A,N/A,N/A,,,,,,,,,,,Conventional-brick or block,NPO(this organisation),,,,,,Flat,91,Yes,,,1,55,,,,,Corrugated Metal Sheets,No,Yes,Yes,No,Concrete Slab,1,No,7,No,Yes,,No,Yes,Yes,No,Yes,No,No,Yes,Yes,7,Yes,Yes,Electricity,Gas,Municipal -Community Standpipe,,On site informal pit latrine,,8,,Yes,No,Yes,No,None,,,,Yes,No,,Yes,Yes,No,No,No,No,No,No,Yes,No,No,Fence,Yes,No,No,No,No,No,No,Yes,Yes,Yes,0,No,No,N/A,No,Open pit on site,N/A,1xper week,N/A,N/A,No,Yes,No,No,No,Yes,No,Yes,No,No,No,N/A,N/A,Yes,Yes,Yes,No,N/A,N/A,No,N/A,N/A,No,N/A,N/A,No,N/A,N/A,No,N/A,N/A,No,N/A,N/A,No,N/A,N/A,No,N/A,N/a,No,N/A,N/A,Yes,,,No,N/A,N/A,No,N/A,N/A,No,No,Service Provider,Service Provider,Service Provider,Service Provider,,Yes,,,,,Yes,No,,,Yes,Yes,Yes,Yes,Yes,No,Yes,No,No,No,No,No,No,No,No,No,No,No,Rural,,,27,No,No,No,No,No,No,No,No
16,Zamokuhle Creche,ECD,Non-Profit Org,1996,24,3,0,Nosipho Xaba,0790318278,Zanele Mchunu,0729717453,,,Ugu,Umzumbe,3,P.O. Box  93036,Highflats,3306,,,Ophongolo Location,,Highflats,Cele,,Monday;Tuesday;Wednesday;Thursday;Friday,08:00,15:00,Yes,Deyi ,St. Faiths Clinic,Bhekindlela Tuck Shop,Yes,Yes,4,Yes,6,Yes,Registered,070-077,,Yes,Zamokuhle Creche ,No,Yes,Yes,Yes,Centre-based ECD Programe,,,,,,,Yes,,30,Yes,,,Yes,,Yes,No,No,,No,,DSD,,,,,,,,,,,,,,,,,,,,,,,Conventional-brick or block,NPO(this organisation),PTO,N/A,N/A,,,Gently Sloped,,Yes,No,,1,95,,,,,Corrugated Metal Sheets,Yes,Yes,Yes,No,Concrete Slab,1,Yes,,No,Yes,77,No,Yes,Yes,No,,No,No,Yes,Yes,77,No,Yes,,Gas,Municipal -Community Standpipe,No,On site informal pit latrine,1,2,,Yes,,Yes,Yes,Bowl or bucket of water,,,,Yes,,,No,No,No,No,No,No,No,No,No,No,No,Fence,Yes,No,No,No,No,No,No,No,No,Yes,0,,N/A,N/A,Yes,Open pit on site,N/A,1xper week,N/A,No,No,Yes,No,Yes,Yes,Yes,Yes,Yes,Yes,No,Yes,No,No,Yes,Yes,Yes,Yes,Yes,Yes,,,,Yes,,,Yes,,,No,N/A,N/A,Yes,No,No,Yes,No,Yes,Yes,Yes,Yes,No,No,No,Yes,Yes,No,No,No,No,,,,Yes,Yes,Service Provider,Service Provider,Service Provider,Service Provider,,Yes,,,,,Yes,Yes,Yes,No,Yes,Yes,Yes,Yes,Yes,Yes,No,Yes,Yes,,,,,,,,,,Rural,21/07/2016,,14,No,No,No,No,No,No,No,No
17,Magugu Creche,ECD,Non-Profit Org,2003,26,3,1,Mrs Madlala,0735891048,Mrs B.M Cele,0781626790,,,Ugu,Umzumbe,4,P.O. Box 403,Highflats,3306,,,Magugu Location,Near Magugu P School ,Highflats,Cele,,Monday;Tuesday;Wednesday;Thursday;Friday,07:00,16:30,Yes,Magugu P.S,Phungashe Clinic,Gidi's Tuck Shop,Yes,Yes,5,Yes,,Yes,Registered,070-487,,Yes,Magugu Creche ,,Yes,Yes,Yes,Centre-based ECD Programe,,,,,,,Yes,20,,Yes,,,Yes,,Yes,Yes,No,,,,DSD,,,,,,,,,,,,,,,,,,,,,,,Conventional-brick or block,NPO(this organisation),Lease Agreement,,,,,Flat,,Yes,,No,,,,,,,,Yes,,Yes,,Concrete Slab,2,Yes,,Yes,Yes,,Yes,Yes,,No,No,No,,No,,,No,Yes,,Gas,,,Municipal Water Borne sewage,1,2,,Yes,,Yes,Yes,Tap,,,Yes,No,No,,Yes,No,No,Yes,,No,No,No,No,No,No,Fence,Yes,No,No,No,No,No,No,No,No,Yes,0,,Yes,,Yes,Open pit on site,,2xper week,N/A,N/A,Yes,Yes,Yes,Yes,Yes,Yes,No,No,Yes,No,Yes,Yes,Yes,Yes,Yes,Yes,Yes,Yes,Yes,Yes,Yes,Yes,No,No,No,Yes,Yes,Yes,No,No,No,Yes,Yes,Yes,Yes,Yes,Yes,Yes,Yes,Yes,Yes,Yes,Yes,Yes,Yes,Yes,Yes,Yes,Yes,Yes,Yes,Yes,Yes,Yes,Service Provider,Service Provider,Service Provider,Parent/Caregiver,,Yes,,,,,Yes,Yes,Yes,Yes,Yes,Yes,Yes,Yes,Yes,Yes,Yes,Yes,Yes,,,,,,,,,,Rural,21/07/2016,,15,No,No,No,No,No,No,No,No
18,Bongokuhle Creche,ECD,Non-Profit Org,,51,5,1,Busisiwe Msomi,0839282286,Nompilo Dlamini,0730204526,,,Ugu,Umzumbe,4,P.O. Box 38,Highflats,3306,,,Nomageje Location,,Highflats,Bhekani,,Monday;Tuesday;Wednesday;Thursday;Friday,07:30,15:00,Yes,Nomageje P.S,Nhlalwane Clinic,Kwa Ngema,Yes,Yes,,Yes,3,Yes,Registered,063-454,,Yes,,No,Yes,Yes,Yes,,Registered,,ECD,,,Registered,Yes,30,,Yes,,,Yes,,Yes,,,,,,DSD,,,,,,,,,,,,,,,,,,,,,,,Conventional-brick or block,NPO(this organisation),,,,,,,,Yes,Yes,,2,,,,,,Asbestos,Yes,,Yes,,Concrete Slab,2,Yes,,Yes,Yes,,,Yes,Yes,No,No,No,No,No,No,,No,Yes,,Gas,Municipal -Community Standpipe,,On site informal pit latrine,1,1,,Yes,,Yes,Yes,Tippy Tap,,,Yes,,No,,Yes,Yes,No,Yes,,No,No,No,No,No,No,Fence,Yes,No,No,No,No,No,No,No,No,Yes,,,,,Yes,Open pit on site,,1xper week,N/A,N/A,No,Yes,No,No,Yes,Yes,Yes,Yes,Yes,No,Yes,Yes,Yes,Yes,Yes,Yes,Yes,Yes,Yes,No,Yes,Yes,No,No,No,Yes,Yes,Yes,No,No,No,Yes,Yes,Yes,Yes,Yes,Yes,Yes,Yes,Yes,Yes,Yes,Yes,Yes,Yes,Yes,Yes,Yes,Yes,Yes,Yes,Yes,,,Service Provider,Parent/Caregiver,Service Provider,,,Yes,,,,,Yes,Yes,Yes,Yes,Yes,Yes,Yes,Yes,Yes,Yes,Yes,No,Yes,,,,,,,,,,Rural,,,34,No,No,No,No,No,No,No,No
19,Nosizo Creche,ECD,Non-Profit Org,,18,3,1,Siyanda Ngcongo,0734837533,B.B Ngcongo,0724462996,,,Ugu,Umzumbe,3,P.O. Box 141,Highflats,3306,,,Deyi Mission,,Highflats,Mbhele,,Monday;Tuesday;Wednesday;Thursday;Friday,07:30,16:00,,Deyi P.S,Eluphepheni Clinic,Deyi Mission,Yes,Yes,,Yes,3,Yes,Registered,122-245,,Yes,,No,No,Yes,No,,,,,,,,Yes,,,,,,,,,,,,,,,,,,,,,,,,,,,,,,,,,,,,,Conventional-brick or block,NPO(this organisation),PTO,,,,,Gently Sloped,,Yes,No,,1,,,,,,Corrugated Metal Sheets,No,Yes,Yes,No,Concrete Slab,1,No,,Yes,Yes,,No,No,Yes,No,No,No,,No,,,No,Yes,,Gas,,Yes,On site informal pit latrine,1,2,,Yes,Yes,Yes,Yes,Tippy Tap,1,,Yes,Yes, No,,No,No,No,No,,No,No,No,No,No,No,Fence,Yes,No,No,No,No,No,No,No,No,Yes,0,Yes,,,Yes,Open pit on site,,1xper week,N/A,N/A,No,Yes,No,No,Yes,Yes,No,Yes,Yes,No,No,No,No,Yes,No,Yes,Yes,No,Yes,No,No,No,No,No,No,Yes,No,Yes,No,No,No,No,No,No,No,No,No,No,No,No,No,No,No,Yes,,,No,No,No,No,No,No,Yes,Yes,Service Provider,Service Provider,Service Provider,,,Yes,,,,,Yes,Yes,Yes,,Yes,No,Yes,Yes,Yes,Yes,Yes,No,Yes,No,No,,,,,,,,Rural,20/07/2016,,7,No,No,No,No,No,No,No,No
20,Isokuhle Creche,ECD,Non-Profit Org,,19,3,0,Nokuthula Mbizeni,0719480992,Mr Makhanya,0723068965,,,Ugu,Umzumbe,4,P.O. Box 261,Highflats,3306,,,Mfomfo Location,,Highflats,Cele,,Monday;Tuesday;Wednesday;Thursday;Friday,07:00,15:00,Yes,Thandanani,Phungashe Clinic,,Yes,Yes,5,Yes,,Yes,Registered,070-207,,Yes,,Yes,Yes,Yes,Yes,,,,,,2036,,Yes,100,,Yes,,,Yes,,Yes,No,No,,No,,DSD,,,,,,,,,,,,,,,,,,,,,,,Shipping container,NPO(this organisation),PTO,,NPO(this Organisation),,,Flat,,Yes,No,,1,,,,,,,Yes,,,,,1,Yes,2,No,Yes,,Yes,Yes,Yes,No,No,No,,No,,,No,Yes,,Gas,Municipal- Community Standpipe,,On site informal pit latrine,1,,0,Yes,,No,Yes,Bowl or bucket of water,1,,Yes,Yes,No,,Yes,No,No,No,,No,No,No,No,No,No,Fence,Yes,No,No,No,No,No,No,No,No,Yes,0,,,,Yes,Open pit on site,,1xper week,N/A,N/A,No,Yes,Yes,No,Yes,Yes,No,Yes,Yes,No,Yes,Yes,Yes,Yes,Yes,Yes,Yes,Yes,Yes,Yes,Yes,Yes,No,No,No,Yes,Yes,Yes,No,No,No,No,No,No,Yes,Yes,Yes,No,No,No,Yes,Yes,Yes,Yes,Yes,Yes,Yes,Yes,Yes,Yes,Yes,Yes,Yes,Yes,Service Provider,Parent/Caregiver,Service Provider,,,Yes,,,,,Yes,Yes,Yes,,Yes,No,Yes,Yes,Yes,,,No,Yes,,,,,,,,,,Rural,22/07/2016,,4,No,No,No,No,No,No,No,No
21,Thandokuhle Creche,ECD,Non-Profit Org,2011,40,2,2,Maningi Hlophe,0784308577,Senziwe Msani,0780743754,,,Ugu,Hibiscus,14,P.O.Box,KwaMadlala,1132,,,Sdakwa Area,,KwaMadlala,KwaMadlala,,Monday;Tuesday;Wednesday;Thursday;Friday,07:00,15:00,Yes,Denva P.S,Madlala Clinic,Sbu Tuck Shop,Yes,Yes,,Yes,3,No,,,,Yes,,No,,Yes,No,,,,,,30/12/2018,,Yes,130,,No,,,No,,No,No,No,,Yes,1,,,,,,,,,,,,,,,,,,,,,,,,Conventional-brick or block,NPO(this organisation),,,,,,Flat,,Yes,No,,1,,,,,,Tiles,No,Yes,Yes,No,Concrete Slab,2,Yes,8,No,Yes,,Yes,Yes,Yes,No,No,No,No,Yes,No,,Yes,Yes,Electricity,Gas,Municipal- Community Standpipe,Yes,On site septic tank,1,2,,Yes,Yes,Yes,No,Bowl or bucket of water,1,,Yes,Yes,No,,No,No,No,No,,No,No,No,No,No,No,,No,No,No,No,No,No,No,No,No,Yes,0,Yes,Yes,No,Yes,Open pit on site,,2xper week,N/A,N/A,No,Yes,Yes,Yes,Yes,Yes,Yes,Yes,Yes,No,Yes,No,No,Yes,No,No,No,No,No,No,No,No,Yes,No,No,Yes,No,No,No,No,No,No,No,No,No,No,No,No,No,No,No,No,No,No,No,No,No,No,No,No,No,No,Yes,Yes,Service Provider,Parent/Caregiver,Service Provider,,,Yes,,,,,No,No,No,,Yes,Yes,Yes,Yes,Yes,No,No,No,Yes,No,No,No,No,No,No,No,No,No,Rural,,,,No,No,No,No,No,No,No,No
22,Masibambisane Day Care,ECD,Non-Profit Org,,29,2,0,Thulisile Mbili,0738773660,,,,,Ugu,Hibiscus,14,,KwaMadlala,,,,,,KwaMadlala,KwaMadlala,,Monday;Tuesday;Wednesday;Thursday;Friday,,,,Denva P.S,Madlala Clinic,Sbu Tuck Shop,,,,,,,,,,,,,,,,,,,,,,,,200,,,,,,,,,,,,,,,,,,,,,,,,,,,,,,,,,,,,Conventional-brick or block,,,,,,,Flat,,Yes,,,1,,,,,,Corrugated Metal Sheets,No,Yes,Yes,No,Concrete Slab,1,Yes,5,Yes,Yes,,No,Yes,Yes,No,Yes,,No,,No,,Yes,Yes,,Electricity,Municipal- Community Standpipe,,On site informal pit latrine,3,0,2,No,,No,,Tippy Tap,1,,Yes,Yes,No,,No,No,No,No,,No,No,No,No,No,No,Fence,Yes,No,No,No,No,No,No,No,No,Yes,0,No,Yes,,Yes,Open pit on site,,2xper week,N/A,N/A,Yes,Yes,No,No,Yes,Yes,No,Yes,No,No,Yes,No,No,No,No,No,No,No,No,No,No,No,No,No,No,Yes,Yes,Yes,No,No,No,No,No,No,No,No,No,No,No,No,No,No,No,No,No,No,No,No,No,No,No,No,No,No,Service Provider,Parent/Caregiver,Service Provider,Parent/Caregiver,,Yes,,,,,No,,,,,,Yes,Yes,No,No,No,No,Yes,,,,,,,,,,Rural,,,,No,Yes,No,No,No,No,No,No
23,Sbonguthando Creche,ECD,Non-Profit Org,,30,2,,Nombenhle Jwara,0760422407,Sbongile Mbatha,0846580468,,,Ugu,Umzumbe,12,P.O. Box X03,Hibberdene,4220,,,Enkulu Area,,Hibberdene,Mbhele,,Monday;Tuesday;Wednesday;Thursday;Friday,08:00,13:00,Yes,KwaBombo P.S,Bongani Clinic,Khomo Store,Under Establishment,Yes,3,No,,No,Registered,070-203,,Yes,,No,Yes,,,,,,,,,,,,,,,,,,,,,,,,,,,,,,,,,,,,,,,,,,,,,,,Conventional-brick or block,NPO(this organisation),,,,,,Flat,,Yes,,,1,,,,,,Corrugated Metal Sheets,No,Yes,Yes,No,Concrete Slab,1,Yes,10,No,Yes,,No,No,Yes,No,No,No,No,No,No,,No,,,Gas,Municipal- Community Standpipe,,,1,0,,No,,Yes,,None,0,,No,,,,No,No,No,No,,No,No,No,No,No,No,Fence,,No,No,No,No,No,No,No,Yes,Yes,0,No,,,Yes,Open pit on site,,1xper week,N/A,N/A,Yes,Yes,No,No,Yes,Yes,No,Yes,No,No,No,No,No,Yes,No,,Yes,,,No,No,No,No,No,No,Yes,,,No,No,No,No,No,No,No,No,No,No,No,No,No,No,No,Yes,,,No,No,No,No,No,No,,,Service Provider,Parent/Caregiver,Service Provider,Parent/Caregiver,,Yes,,,,,Yes,No,No,No,Yes,No,Yes,No,No,No,No,No,No,No,No,No,,,,,,,,,,,,,,,,,,
24,Ekujabuleni Creche,ECD,Non-Profit Org,2007,36,2,1,Thobeka Mzobe,0782105591,Nomusa Dlamini,0837168256,,,Ugu,Umzumbe,16,P.O. Box 29537,Hibberdene,4220,,,Nyanyana Location,,Hibberdene,Ndelu,,Monday;Tuesday;Wednesday;Thursday;Friday,,,,Sosukwana C.P,Ndelu Clinic,Thuthukani Tuck Shop,Yes,Yes,5,Yes,3,Yes,Registered,095-232,,Yes,,Yes,Yes,Yes,Yes,,In Process,,,,,,Yes,50,,Yes,,,Yes,,Yes,,,,,,DSD,,,,,,,,,,,,,,,,,,,,,,,Traditional- Mud,Private,,,Private Individual,,,Flat,,Yes,No,,1,,,,,,Corrugated Metal Sheets,Yes,,Yes,,Concrete Slab,1,Yes,2,No,Yes,,Yes,Yes,Yes,No,No,No,No,No,,,Yes,Yes,Electricity,Gas,Municipal- Community Standpipe,,On site informal pit latrine,1,6,,No,Yes,Yes,Yes,Tippy Tap,2,No,No,,No,,No,No,No,No,,No,No,No,No,No,No,,No,No,No,No,No,No,No,No,No,Yes,0,,No,No,Yes,Open pit on site,,2xper week,N/A,N/A,Yes,Yes,Yes,No,Yes,Yes,No,Yes,Yes,No,No,No,No,Yes,Yes,Yes,Yes,Yes,Yes,No,No,No,Yes,No,No,Yes,Yes,Yes,No,No,No,No,No,No,Yes,Yes,Yes,Yes,Yes,Yes,No,No,No,Yes,Yes,Yes,No,No,No,No,No,No,Yes,Yes,Service Provider,Service Provider,Service Provider,Parent/Caregiver,,Yes,,,,,Yes,Yes,No,No,Yes,Yes,,,,,,No,No,,,,No,No,No,No,No,No,Rural,,,29,No,No,No,No,No,No,No,No
25,Khanya Creche,ECD,Non-Profit Org,2012,6,2,,Philisiwe Msomi,0721823168,Phakamile Msomi,0783291657,,,Ugu,Umzumbe,14,P.O. Box 758,Hibberdene,4220,,,,,Hibberdene,Qwabe,,Monday;Tuesday;Wednesday;Thursday;Friday,08:00,16:00,Yes,Dili P.S,Bongani Clinic,Assemblies of God,Yes,Yes,4,Yes,1,No,,152-996,,No,,No,No,Yes,,,Not Applied,,,,,Not Applied,Yes,60,,No,,,No,,No,No,No,,No,,,,,,,,,,,,,,,,,,,,,,,,,Conventional-brick or block,Private,,No,,,,Flat,,Yes,No,,1,,,,,,Corrugated Metal Sheets,No,,,,Concrete Slab,1,,,,No,,No,No,,,,No,,No,,,No,Yes,,,River,,On site informal pit latrine,1,,,No,,No,No,Tippy Tap,,No,Yes,,No,,No,No,No,No,,No,No,No,No,No,No,Hedge,,No,No,No,No,No,No,No,No,Yes,0,,,,Yes,Open pit on site,,1xper week,N/A,N/A,Yes,Yes,No,No,No,No,No,No,Yes,No,No,No,No,No,No,No,No,No,No,,,,Yes,No,No,No,No,No,No,No,No,No,No,No,No,No,No,No,No,No,No,No,No,No,No,No,No,No,No,No,No,No,No,No,Parent/Caregiver,Parent/Caregiver,Parent/Caregiver,Parent/Caregiver,,No,,,,,No,No,No,No,No,No,No,No,No,No,No,No,No,No,No,No,No,No,No,No,No,No,Rural,,,4,No,No,No,No,No,No,No,No
26,Ikhwezi Lokusa Creche ,ECD,Non-Profit Org,,16,5,0,P Gumede ,0719576553,Ritta Mdabe ,0781088309,,,Ugu ,Umzumbe,14,P.O Box 42,Hibberdene,4220,,,Mhlabashane ,,Mhlabashane ,KwaQwabe ,,Monday;Tuesday;Wensday;Thursday;Friday,,,,,,,,,,,,,,,,,,,,,,,,,,,,,,,,,,,,,,,,,,,,,,,,,,,,,,,,,,,,,,,,,,,,,,,,,,,,,,,,,,,,,,,,,,,,,,,,,,,,,,,,,,,,,,,,,,,,,,,,,,,,,,,,,,,,,,,,,,,,,,,,,,,,,,,,,,,,,,,,,,,,,,,,,,,,,,,,,,,,,,,,,,,,,,,,,,,,,,,,,,,,,,,,,,,,,,,,,,,,,,,,,,,,,,,,,,,,,,,,,,,,,,,,,,,,,,,,
27,St Faith Creche,ECD,Non-Profit Org,,33,2,,Nomathemba Shabalala,0734794560,S.W Mboni,,,,Ugu,Umzumbe,6,P.O. Box42703,Ohlangeni,4642,,,,,,Hlubi,,Monday;Tuesday;Wednesday;Thursday;Friday,07:30,15:00,Yes,St Faith P.S,St. Faiths Clinic,Mabhense Tuck Shop,Yes,Yes,,Yes,2,Yes,,,,Yes,,,Yes,Yes,Yes,,,,,,,,Yes,,,Yes,,,,,,,,,,,DSD,,,,,,,,,,,,,,,,,,,,,,,,,,,,,,,,,,,,,,,,,,,,,,,,,,,,,,,,,,,,,,,,,,,,,,,,,,,,,,,,,,,,,,,,,,,,,,,,,,,,,,,,,,,,,,,,,,,,,,,,,,,,,,,,,,Yes,No,No,No,No,No,No,No,No,Yes,No,Yes,Yes,Yes,No,No,No,,,,,,,,,,,,,,,,,,,,,,,,,,,,,Yes,,,,,Yes,Yes,,,Yes,Yes,Yes,Yes,Yes,Yes,Yes,,Yes,,,,,,,,,,Rural,20/07/2016,,22,No,No,No,No,No,No,No,No
28,Siyavuma Creche,ECD,Non-Profit Org,2011,21,1,0,Bongekile Mzobe,0735082980,Clematia Shozi,0839284769,,,Ugu,Umzumbe,14,P.O.Box 810,Hibberdene,4220,,,Mhlangeni Area,,Hibberdene,Cabhane,,Monday;Tuesday;Wednesday;Thursday;Friday,08:00,14:00,Yes,Rosetanville,,Mabiya Store,Yes,Yes,7,Yes,,,Registered,150-707,,No,,No,No,,,,Not Applied,,,,,Not Applied,No,,,,,,,,,,,,,,,,,,,,,,,,,,,,,,,,,,,,,Conventional-brick or block,Private,,,,,,,,,No,,1,,,,,,Corrugated Metal Sheets,No,,,,Concrete Slab,1,,2,Yes,Yes,,Yes,,,No,No,No,No,No,No,,Yes,,,,Unprotected Spring,No,On site informal pit latrine,1,0,0,No,,Yes,No,None,0,,,,,,,,,,,,,,,,,,No,No,No,No,No,No,No,No,No,No,0,,,,,Open pit on site,,1xper week,N/A,N/A,Yes,Yes,No,No,Yes,Yes,No,Yes,No,No,,,,,,,,,,,,,,,,,,,,,,,,,,,,,,,,,,,,,,,,,,,,,,,,,,,,,,,,,,,,,,,,,,,,,,,,,,,,,,,,,,,,,,,,
29,Vulindlela creche & Pre School,ECD,Non-Profit Org,2006,35,3,0, Thobile Vezi,0631836215,Thembi Vezi,0833559224,,,Ugu,Umziwabantu,10,P.O. Box 654,Harding,4680,,,KwaMachi,,KwaMachi,Mzizi,,Monday;Tuesday;Wensday;Thursday;Friday,07:30,14:30,Yes,Enyandeni P.S,Xhamini Clinic,African Church,Yes,Yes,5,Yes,,Yes,,048-138,05/02/2006,Yes,,,Yes,Yes,,,,,,,,,,,,Yes,,,Yes,,Yes,Yes,,,,,,,,,,,,,,,,,,,,,,,,,,,,Conventional-brick or block,NPO(this organisation),PTO,,NPO (this organisation),,697,Flat,697,,Yes,No,1,84,,,,,Corrugated Metal Sheets,No,Yes,Yes,,Carpet,2,Yes,2,Yes,Yes,42,No,Yes,Yes,Yes,No,Yes,Yes,No,No,,,,,Gas,Municipal-Community Standpipe,Yes,Municipal Water Borne sewage,1,0,,,Yes,Yes,Yes,Bowl or bucket of water,1,No,Yes,Yes,Yes,,No,No,No,No,,No,No,No,No,No,No,Fence,Yes,No,No,No,No,No,No,No,No,Yes,0,Yes,Yes,Yes,Yes,Open pit on site,,1xevery two weeks,N/A,N/A,Yes,Yes,Yes,Yes,Yes,Yes,No,No,Yes,No,Yes,Yes,Yes,Yes,Yes,Yes,Yes,Yes,,Yes,Yes,Yes,Yes,,,,,,,,,Yes,Yes,Yes,Yes,Yes,Yes,Yes,Yes,Yes,Yes,Yes,Yes,Yes,,,,,,Yes,,,Yes,Yes,Service Provider,Service Provider,Service Provider,Service Provider,,Yes,,,,,Yes,Yes,No,No,Yes,Yes,,,,,,Yes,Yes,No,No,No,,,,,,,Rural,17/07/2016,Slindile Msani,26,Yes,No,Yes,Yes,No,Yes,No,Yes
30,Khonzinkosi Creche &PreSchool,ECD,Non-Profit Org,2001,47,3,0,Mrs N.E Mteshane,0836950109,Mr C.S Mthalane,0769903255,,,Ugu,Umziwabantu,6,P.O. Box44315,Harding,4680,,,KwaMachi,,KwaMachi,Mzizi,,Monday;Tuesday;Wensday;Thursday;Friday,08:00,14:30,Yes,Enyandeni P.S,Xhamini Clinic,Osindisweni Church,Yes,Yes,,Yes,,Yes,Registered,070-045,31/07/2009,Yes,,,Yes,Yes,,,,,,,,,,15000,,Yes,,,Yes,,Yes,Yes,Yes,,Yes,,Doctors For Life,,Red Cross,,Spar,,Registered,,,,,Yes,,22/07/2014,22/09/2018,,,20/05/2016,,,,,,Conventional-brick or block,,,Yes,Tribal Authority,,,,279,No,No,No,1,16,,,,,Corrugated Metal Sheets,No,Yes,Yes,No,Concrete Slab,2,No,2,Yes,Yes,,Yes,Yes,Yes,No,,No,,No,,,No,Yes,Gas,Gas,Municipal-Community Standpipe,Yes,On site informal pit latrine,1,1,,Yes,,Yes,No,Tippy Tap,1,,Yes,Yes,Yes,,No,Yes,No,No,Yes,Yes,Yes,No,Yes,No,No,Fence,Yes,No,No,No,No,No,No,No,No,Yes,0,Yes,Yes,Yes,Yes,Centre takes to dump,2xper week,2xper week,N/A,N/A,Yes,Yes,Yes,Yes,Yes,,Yes,Yes,Yes,No,Yes,No,No,Yes,Yes,Yes,Yes,No,Yes,Yes,Yes,Yes,Yes,,,Yes,,,,,,Yes,No,No,Yes,Yes,Yes,Yes,No,No,Yes,No,No,Yes,,,Yes,,,Yes,,,Yes,Yes,Service Provider,Service Provider,Service Provider,Service Provider,,Yes,,,,,Yes,Yes,Yes,No,Yes,Yes,,,,,,,,,,,,,,,,,Rural,13/07/2016,Mrs N.E Mteshane,42,Yes,Yes,Yes,No,Yes,,,
31,Phindavele Creche,ECD,Non-Profit Org,2013,20,3,0,Nokuthula Nlala,0765109067,Fano Mkhungo,0722873848,,,Ugu,Umzumbe,13,P.O. Box,Port Shepstone,4240,,,Umswilili,,Umswilili,KwaNdelu,,Monday;Tuesday;Wensday;Thursday;Friday,08:00,13:00,,Mzingelwa P.S,Morrison Clinic,,Yes,Yes,6,,,,In Process(pre-submission),121-690,25/05/2013,Yes,,No,No,,,,,,,,,,Yes,50,200,No,,,No,,No,No,No,,No,,Ziphakamise,,,,,,Registered,,,,,,,27/06/2014,30/12/2016,10/1/8/1-155,,,,,,,,Conventional-brick or block,Public,,Yes,NPO (this organisation),,,Flat,,Yes,Yes,,1,,,,,,Corrugated Metal Sheets,Yes,Yes,Yes,Yes,Concrete Slab,2,Yes,5,Yes,No,,No,No,No,No,No,No,,No,No,,No,Yes,,Gas,Rainwater,No,Chemical Toilets,1,0,,,Yes,Yes,Yes,Tippy Tap,3,,Yes,Yes,Yes,,No,No,Yes,No,,Yes,Yes,No,Yes,No,Yes,Nothing,No,No,No,No,No,No,No,No,No,Yes,0,Yes,,,Yes,Open pit on site,,1xper week,No,,No,Yes,Yes,Yes,Yes,Yes,Yes,Yes,Yes,No,No,,,Yes,No,Yes,Yes,No,No,No,No,No,No,No,No,Yes,No,No,No,No,No,No,No,No,No,No,No,No,No,No,No,No,No,Yes,Yes,No,No,No,No,No,No,No,Yes,Yes,Parent/Caregiver,,,,,Yes,,,,,Yes,Yes,No,No,Yes,Yes,Yes,Yes,Yes,No,No,No,Yes,Yes,No,No,Yes,Yes,Yes,No,Yes,Yes,Rural,,,10,Yes,,Yes,Yes,,Yes,,Yes
32,Thubelihle Creche,ECD,Non-Profit Org,1988,61,,0,Nokwethemba,0729762097,Ntombifuthi,0798310033,,,Ugu,Umzumbe,13,P.O. Box 32023,Morrison,4226,,,Ndumakude,,Ndumakude,KwaNdelu,,Monday;Tuesday;Wensday;Thursday;Friday,07:00,14:30,Yes,Sojuba J.P,Morrison Clinic,ZCC Church,Yes,Yes,7,Yes,4,No,Registered,062-403,,Yes,,No,Yes,Yes,,,,,,,,,Yes,30,10659,Yes,31/3/2011,,Yes,60,Yes,No,No,,Yes,1,Ndelu Trust,2000,,,,,Registered,,,,,Yes,,,2018,,,,,,,,,Conventional-brick or block,NPO(this organisation),Letter To Occupy,,NPO (this organisation),,,Flat,,Yes,Yes,No,2,,,,,,Corrugated Metal Sheets,No,Yes,Yes,No,Concrete Slab,2,No,2,No,Yes,,Yes,No,Yes,No,Yes,No,No,No,No,,Yes,Yes,Electricity,Electricity,Municipal-Community Standpipe,Yes,Chemical Toilets,1,1,1,Yes,Yes,Yes,No,Tippy Tap,,No,Yes,Yes,Yes,,Yes,Yes,Yes,Yes,,No,No,No,No,No,Yes,Fence,Yes,No,No,No,No,No,No,No,No,Yes,0,Yes,Yes,,Yes,Open pit on site,,,N/A,N/A,No,Yes,No,No,Yes,Yes,Yes,Yes,Yes,No,Yes,No,No,Yes,No,Yes,Yes,No,Yes,No,No,No,Yes,No,No,Yes,No,Yes,No,No,No,Yes,No,Yes,Yes,No,Yes,Yes,Yes,Yes,Yes,Yes,Yes,Yes,Yes,Yes,Yes,Yes,Yes,Yes,Yes,Yes,Yes,Yes,Service Provider,Service Provider,Service Provider,Service Provider,,Yes,,,,,Yes,Yes,No,No,Yes,Yes,Yes,Yes,Yes,Yes,Yes,No,Yes,Yes,No,No,Yes,Yes,No,No,Yes,Yes,Rural,,,46,,,Yes,,,,,
33,Umswilili Creche,ECD,Non-Profit Org,1992,53,4,1,Nomusa Mkhungo,0793868294,Khumbuza Cele,0727983712,,,Ugu,Umzumbe,13,P.O. Box 19951,Port Shepstone,4225,,,Umswilili,,Umswilili,KwaNdelu,,Monday;Tuesday;Wensday;Thursday;Friday,07:30,15:30,Yes,Umswilili J.P,Baphumile Clinic,Full Gospel Church,Yes,Yes,5,Yes,4,Yes,Registered,044-198,,Yes,,No,Yes,Yes,,,,,,,,,Yes,30,,Yes,,,Yes,23,Yes,Yes,Yes,31,No,,,,,,,,Registered,,,,,Yes,,,,,,2009,,,,,,Conventional-brick or block,NPO(this organisation),Letter To Occupy,,NPO (this organisation),,,Flat,,No,Yes,,2,,,,,,Corrugated Metal Sheets,No,Yes,Yes,No,Concrete Slab,3,Yes,3,No,Yes,,Yes,Yes,Yes,No,Yes,No,No,Yes,Yes,,No,No,,Gas,Rainwater,Yes,Chemical Toilets,1,2,4,Yes,Yes,Yes,Yes,Tippy Tap,4,,Yes,Yes,Yes,,Yes,Yes,Yes,Yes,,No,No,No,No,No,No,Fence,Yes,Yes,Yes,Yes,Yes,Yes,Yes,Yes,Yes,Yes,0,,Yes,Yes,Yes,Open pit on site,,1xper week,N/A,N/A,No,Yes,Yes,Yes,Yes,Yes,Yes,Yes,Yes,No,Yes,Yes,Yes,Yes,No,Yes,Yes,No,Yes,Yes,Yes,Yes,Yes,No,No,Yes,Yes,Yes,No,No,No,Yes,No,No,Yes,Yes,Yes,Yes,Yes,Yes,Yes,Yes,Yes,Yes,Yes,Yes,Yes,Yes,Yes,Yes,Yes,Yes,Yes,Yes,Service Provider,Service Provider,Service Provider,Service Provider,,Yes,,,,,Yes,Yes,Yes,No,Yes,Yes,Yes,Yes,Yes,Yes,No,No,Yes,Yes,No,No,Yes,Yes,No,No,Yes,Yes,Rural,Jun-16,Nomusa Mkhungo,52,,,Yes,,,,,
34,Thandanani Creche 2,ECD,Non-Profit Org,2000,14,,,Snegugu,0722221706,Thembisile Mkhize,0790724055,,,Ugu,Umzumbe,14,P.O. Box 32030,Morrison,4226,,,Ndumakude,,Ndumakude,KwaNdelu,,Monday;Tuesday;Wensday;Thursday;Friday,08:00,13:30,Yes,Odeke C.P.S,Morrison Clinic,Kwazithanqaze Store,Yes,Yes,7,Yes,3,No,,044-953,31/10/2005,No,,No,No,No,No,,,,,,,,No,,,No,,,No,,No,No,No,,No,,,,,,,,In process,,,,,,,,,,,,,,,,,Conventional-brick or block,NPO(this organisation),PTO,,NPO (this organisation),,,Flat,,Yes,Yes,No,1,,,,,,Asbestos,Yes,Yes,Yes,Yes,Concrete Slab,1,Yes,6,Yes,Yes,,No,No,Yes,,,No,,No,,,No,Yes,,,River,No,Buckets,1,0,1,No,Yes,Yes,Yes,Tippy Tap,2,No,Yes,Yes,Yes,,No,No,No,No,,No,No,No,No,No,No,Fence,Yes,No,No,Yes,No,No,No,No,No,Yes,0,Yes,,,Yes,Open pit on site,,1xper week,N/A,N/A,No,Yes,No,No,Yes,Yes,Yes,Yes,Yes,No,Yes,No,No,Yes,No,No,Yes,No,No,No,No,No,No,No,No,No,No,No,No,No,No,No,No,No,No,No,No,No,No,No,No,No,No,Yes,Yes,Yes,No,No,No,No,No,No,No,No,Parent/Caregiver,Parent/Caregiver,Parent/Caregiver,Parent/Caregiver,,Yes,,,,,Yes,Yes,No,No,Yes,Yes,Yes,Yes,Yes,No,No,No,Yes,Yes,No,No,Yes,Yes,Yes,No,Yes,Yes,Rural,Jun-16,Snegugu,12,,,,,,,,
35,Impucuko Creche,ECD,Non-Profit Org,2004,19,,,Medrina Shibe,0731784754,Catherine Zindela,0603359107,,,Ugu,Umzumbe,14,P.O. Box 61666,Hibberdene,4220,,,Ndumakude,,Ndumakude,KwaNdelu,,Monday;Tuesday;Wensday;Thursday;Friday,08:00,13:30,Yes,Odeke C.P.S,Morrison Clinic,Sokhwishi Store,Yes,Yes,7,Yes,14,Yes,Registered,044-008,,Yes,,Yes,Yes,Yes,,,,,,,,,Yes,,,Yes,,,Yes,17,Yes,No,No,,No,,Ndelu Trust 1500,,,,,,,,,,,,,26/09/2005,,10/1/8/1-1971,,15/11/2013,,,,,,Conventional-brick or block,Public,Letter To Occupy,,NPO (this organisation),,,Flat,,Yes,Yes,No,1,,,,,,,Yes,Yes,Yes,No,Concrete Slab,1,Yes,6,Yes,Yes,,No,Yes,Yes,No,Yes,No,Yes,Yes,Yes,,No,Yes,Gas,Gas,Municipall- Truck Delivery,No,No toilets,,,,No,,No,,Tippy Tap,5,No,Yes,Yes,Yes,,Yes,Yes,Yes,No,,No,No,No,No,No,No,Fence,Yes,No,No,No,No,No,No,No,No,Yes,0,Yes,Yes,Yes,Yes,Open pit on site,,,Yes,Yes,No,Yes,Yes,Yes,Yes,Yes,No,Yes,Yes,No,Yes,Yes,Yes,Yes,Yes,Yes,Yes,Yes,Yes,Yes,Yes,Yes,Yes,,,Yes,,,No,,,No,No,No,Yes,Yes,Yes,Yes,Yes,Yes,Yes,Yes,Yes,Yes,,,Yes,,,Yes,,,Yes,Yes,,,,,,Yes,,,,,Yes,Yes,No,No,Yes,Yes,Yes,Yes,Yes,Yes,Yes,Yes,Yes,Yes,No,No,Yes,No,Yes,No,Yes,Yes,Rural,Jun-16,Medrina,12,,,Yes,Yes,,,,Yes
36,Sinothando Creche,ECD,Non-Profit Org,,25,4,,Nonsikelelo Ntozakhe,0832445534,Beauty Madiya,0837732819,,,Ugu,Umziwabantu,10,P.O. Box 162,Nqabeni,4682,,,KwaMachi,,KwaMachi,Ngqungqumeni,,Monday;Tuesday;Wensday;Thursday;Friday,06:00,14:00,Yes,Umzinhlanga,Elim,KwaMpofu Tuck Shop,Yes,Yes,,Yes,1,,Registered,,07/08/2009,Yes,,No,Yes,Yes,No,,,,,,,,,,,Yes,,,Yes,,Yes,No,No,,No,No,,,,,,,,,,,Yes,,,14/09/2014,,,,,,,,,,Conventional-brick or block,NPO(this organisation),PTO,Yes,NPO (this organisation),,,Flat,,Yes,Yes,No,1,,,,,,Corrugated Metal Sheets,Yes,Yes,No,Yes,Concrete Slab,,Yes,,Yes,Yes,,Yes,Yes,Yes,No,Yes,No,No,No,No,,Yes,Yes,,Gas,Rainwater,No,,1,1,3,Yes,Yes,Yes,No,Tippy Tap,2,No,Yes,Yes,Yes,,No,Yes,No,No,,No,No,No,No,No,No,Fence,Yes,No,No,No,No,No,No,No,No,Yes,,,,,Yes,Open pit on site,,1xper week,N/A,N/A,Yes,Yes,Yes,No,Yes,Yes,Yes,Yes,Yes,No,Yes,Yes,Yes,Yes,Yes,Yes,Yes,Yes,Yes,No,No,No,Yes,,,Yes,,,,,,Yes,,,Yes,,,Yes,,,Yes,,,Yes,,,Yes,,,Yes,,,Yes,Yes,Service Provider,Service Provider,Service Provider,Service Provider,,Yes,,,,,Yes,Yes,Yes,No,Yes,Yes,Yes,Yes,Yes,Yes,Yes,No,No,,,,Yes,Yes,No,No,Yes,Yes,Rural,13/06/2016,I. N Cebisa,25,Yes,,Yes,Yes,No,Yes,Yes,Yes
37,Kusaselihle Creche,ECD,Non-Profit Org,2008,35,3,1,J.H Memela,0733110139,B. Ncayiyane,0835322445,,,Ugu,Umziwabantu,10,P.O. Box 162,Nqabeni,4682,,,KwaMachi,,KwaMachi,Ngqungqumeni,,Monday;Tuesday;Wensday;Thursday;Friday,08:00,14:30,Yes,Umuzinhlanga,Elim,Boyabenyathi Store,Yes,Yes,,Yes,1,Yes,Registered,,,Yes,,No,Yes,Yes,No,,,,,,,,,,,Yes,,,Yes,,Yes,No,No,35,No,,,,,,,,Registered,,,,,,,,,,,,,,,,,,NPO(this organisation),,No,NPO (this organisation),,,,,Yes,Yes,,1,,,,,,,No,No,,No,Concrete Slab,1,Yes,2,No,Yes,,Yes,Yes,Yes,No,Yes,No,No,No,No,,Yes,Yes,Electricity,Gas,Municipal- Truck Delivery,Yes,,1,0,0,No,No,,No,Tippy Tap,2,No,Yes,Yes,Yes,,No,No,Yes,No,,Yes,No,No,Yes,No,No,Fence,Yes,No,No,No,No,No,No,No,No,Yes,,Yes,Yes,Yes,,Open pit on site,,1xper week,Yes,Yes,No,Yes,No,No,Yes,Yes,Yes,Yes,Yes,No,Yes,No,Yes,Yes,No,Yes,Yes,Yes,Yes,Yes,Yes,Yes,Yes,,,Yes,,,No,,,Yes,,,Yes,,,Yes,,,Yes,,,Yes,,,No,,,Yes,,,Yes,Yes,Service Provider,Service Provider,Service Provider,Service Provider,,Yes,,,,,Yes,Yes,Yes,No,Yes,Yes,Yes,Yes,Yes,Yes,Yes,No,No,,,,Yes,Yes,No,No,Yes,Yes,Rural,15/06/2016,J.H Memela,35,Yes,No,Yes,Yes,No,Yes,Yes,Yes
38,Bongumusa Creche,ECD,Non-Profit Org,2006,34,3,0,N.C Vezi,0839536530,z. Mmjaja,0712378841,,,Ugu,Umziwabantu,6,P.O. Box 652,Harding,4680,,,Gangala ,,Gangala,Mzizi,,Monday;Tuesday;Wensday;Thursday;Friday,07:30,14:30,Yes,Nyandeni Primary,Xhamini Clinic,African Church,Yes,Yes,,Yes,2,Yes,Registered,048-106,,Yes,,No,Yes,Yes,,,,,,,,,Yes,,,Yes,,,Yes,34,Yes,No,No,,No,,,,,,,,Registered,,,,Yes,,,15/09/2014,,10/1/8/1-1642,,,,,,,,Traditional - Mud,NPO(this organisation),PTO,,NPO (this organisation),,,Flat,,Yes,Yes,,1,,,,,,Corrugated Metal Sheets,Yes,Yes,No,Yes,Concrete Slab,2,Yes,4,Yes,Yes,,Yes,Yes,Yes,,,No,,No,,,No,Yes,,Gas,Municipal- Site Connection,Yes,,1,2,2,Yes,Yes,Yes,No,Tippy Tap,1,Yes,Yes,,,,No,Yes,No,,,No,No,No,Yes,No,No,Fence,Yes,No,No,Yes,No,No,No,No,,Yes,0,No,No,No,Yes,Open pit on site,,2xper week,N/A,N/A,No,Yes,Yes,No,Yes,Yes,Yes,Yes,Yes,No,No,No,No,Yes,No,Yes,Yes,No,,No,No,Yes,Yes,,,Yes,,,No,,,Yes,,,Yes,,,Yes,,,Yes,,,Yes,,,No,,,Yes,,,Yes,Yes,Service Provider,,Service Provider,Service Provider,,Yes,,,,,Yes,Yes,Yes,No,Yes,Yes,Yes,Yes,Yes,Yes,Yes,No,No,,,,Yes,Yes,No,No,Yes,Yes,Rural,,D.M Ntuli,2,Yes,No,Yes,Yes,No,Yes,Yes,Yes
39,Sonzaba Creche,ECD,Non-Profit Org,2007,41,3,1,N.R Bhuku,0836842034,J.M Hlophe ,0780022777,,,Ugu,Umziwabantu,10,P.O. Box 62,,4682,,,,,,Shezi,,Monday;Tuesday;Wensday;Thursday;Friday,08:00,14:30,Yes,Phumza C.P,Elim,Zamani Store,Yes,Yes,,Yes,5,Yes,Registered,070-131,,Yes,,No,Yes,Yes,,,,,,,,,Yes,30,,Yes,Not Applied,,Yes,,Yes,No,No,,No,,Impande,55000,,,,,Registered,,,,Yes,,,14/07/2014,,10/1/8/1-1771,,14/07/2014,,,,,,Conventional-brick or block,NPO(this organisation),,,,,,Flat,,,Yes,,1,,,,,,Corrugated Metal Sheets,Yes,Yes,Yes,No,Concrete Slab,1,,3,No,Yes,,Yes,Yes,Yes,No,No,No,No,No,No,,No,Yes,,Gas,Municipal-Community Standpipe,Yes,On site informal pit latrine,1,2,2,Yes,Yes,Yes,Yes,Tippy Tap,3,No,Yes,,Yes,,No,No,No,No,,No,No,No,No,No,No,Fence,No,No,No,No,No,No,No,No,No,Yes,0,No,No,,Yes,Open pit on site,,1xper week,N/A,N/A,No,Yes,No,No,Yes,Yes,Yes,Yes,Yes,No,Yes,No,Yes,Yes,No,Yes,Yes,No,Yes,Yes,No,Yes,,,,,,,,,,No,Yes,No,Yes,No,Yes,,,,No,Yes,,Yes,,,,,,,,,Yes,Yes,Service Provider,,Service Provider,Service Provider,,Yes,,,,,Yes,Yes,Yes,No,Yes,Yes,Yes,Yes,Yes,No,Yes,No,Yes,,,No,Yes,Yes,No,Yes,Yes,Yes,Rural,02/06/2016,N.R Bhuku,42,Yes,No,Yes,No,No,Yes,Yes,Yes
40,Mbambini Daycare Centre,ECD,Non-Profit Org,2012,30,2,1,Thembsile Madonda,0735027763,Tholakele Majola,0630725511,,,Ugu,Umzumbe,18,P.O. Box 323,Hibberdene,4220,,,Mathulini,,Mathulini,Bhekisizwe Luthuli,,Monday;Tuesday;Wensday;Thursday;Friday,08:00,14:30,Yes,Gobhela P.S,Nyangwini,Mbambo Tuck Shop,Yes,Yes,5,Yes,3,No,Registered,140-685,,No,,No,No,,,,,,,,,,Yes,100,,,,,,,,,,,,,,,,,,,Registered,,,,,,,17/02/2015,30/12/2015,10/1/8/1-2329,,,,,,,,Conventional-brick or block,NPO(this organisation),,,NPO(this Organisation),,,Steep,,Yes,No,No,1,,,,,,Corrugated Metal Sheets,Yes,Yes,Yes,Yes,Concrete Slab,3,No,0,Yes,No,,No,No,No,No,No,No,No,No,No,,No,Yes,,,Municipal-Community Standpipe,No,,1,0,0,No,Yes,Yes,Yes,Tippy Tap,2,No,Yes,Yes,No,,No,No,No,No,,No,No,No,No,No,No,Nothing,No,No,No,No,No,No,No,No,No,No,0,Yes,Yes,No,,Centre takes to dump,,1xper week,N/A,N/A,Yes,No,No,No,Yes,Yes,No,Yes,Yes,No,No,No,No,Yes,Yes,No,No,No,No,No,No,No,No,No,No,No,No,No,No,No,No,No,Yes,Yes,No,No,No,Yes,Yes,No,Yes,Yes,No,Yes,Yes,Yes,No,No,No,No,No,No,Yes,Yes,Service Provider,Parent/Caregiver,Parent/Caregiver,Parent/Caregiver,,Yes,,,,,Yes,No,No,No,Yes,Yes,Yes,Yes,No,No,No,Yes,No,,,,Yes,Yes,No,No,Yes,Yes,,05/08/2016,T.A Madondo,19,,,,,Yes,,,
